{
    "index": {
        "min": [
            0
        ],
        "max": [
            1629
        ],
        "mean": [
            814.5
        ],
        "std": [
            470.5403808388819
        ],
        "count": [
            1630
        ],
        "q01": [
            767.9479239262807
        ],
        "q10": [
            776.3885203189368
        ],
        "q50": [
            814.211470797545
        ],
        "q90": [
            852.3222894970139
        ],
        "q99": [
            861.0485469129828
        ]
    },
    "next.done": {
        "min": [
            false
        ],
        "max": [
            true
        ],
        "mean": [
            0.018404907975460124
        ],
        "std": [
            0.13441044355954998
        ],
        "count": [
            1630
        ],
        "q01": [
            -9.999999999999999e-11
        ],
        "q10": [
            -9.999999999999999e-11
        ],
        "q50": [
            -9.999999999999999e-11
        ],
        "q90": [
            -9.999999999999999e-11
        ],
        "q99": [
            0.7422616147723787
        ]
    },
    "timestamp": {
        "min": [
            0.0
        ],
        "max": [
            27.9
        ],
        "mean": [
            4.697975460122703
        ],
        "std": [
            5.827265262635263
        ],
        "count": [
            1630
        ],
        "q01": [
            0.042767852661103764
        ],
        "q10": [
            0.8868274919429119
        ],
        "q50": [
            4.669083374232272
        ],
        "q90": [
            8.480204409897212
        ],
        "q99": [
            9.352830151510663
        ]
    },
    "observation.images.wrist": {
        "min": [
            [
                [
                    0.07450980392156863
                ]
            ],
            [
                [
                    0.07450980392156863
                ]
            ],
            [
                [
                    0.07450980392156863
                ]
            ]
        ],
        "max": [
            [
                [
                    1.0
                ]
            ],
            [
                [
                    0.9215686274509803
                ]
            ],
            [
                [
                    1.0
                ]
            ]
        ],
        "mean": [
            [
                [
                    0.27111258050427617
                ]
            ],
            [
                [
                    0.38023543273900323
                ]
            ],
            [
                [
                    0.5456721908448388
                ]
            ]
        ],
        "std": [
            [
                [
                    0.018360464977291848
                ]
            ],
            [
                [
                    0.01466274823168738
                ]
            ],
            [
                [
                    0.022108479839528763
                ]
            ]
        ],
        "count": [
            1410
        ],
        "q01": [
            [
                [
                    0.0745098039211765
                ]
            ],
            [
                [
                    0.0745098039211765
                ]
            ],
            [
                [
                    0.0745098039211765
                ]
            ]
        ],
        "q10": [
            [
                [
                    0.09917832225657884
                ]
            ],
            [
                [
                    0.20162567032028827
                ]
            ],
            [
                [
                    0.3003755690950806
                ]
            ]
        ],
        "q50": [
            [
                [
                    0.21231003739516538
                ]
            ],
            [
                [
                    0.3989042403014003
                ]
            ],
            [
                [
                    0.5461940177933954
                ]
            ]
        ],
        "q90": [
            [
                [
                    0.4807711886365546
                ]
            ],
            [
                [
                    0.6042118122166624
                ]
            ],
            [
                [
                    0.8499015125881386
                ]
            ]
        ],
        "q99": [
            [
                [
                    0.9552701733864278
                ]
            ],
            [
                [
                    0.6535151658440724
                ]
            ],
            [
                [
                    0.955274165699203
                ]
            ]
        ]
    },
    "action": {
        "min": [
            -1.0,
            -0.5078772306442261,
            -1.0,
            -0.09012503921985626,
            -0.23138484358787537,
            -0.17385825514793396,
            0.0
        ],
        "max": [
            1.0,
            0.5892542600631714,
            1.0,
            0.03643352538347244,
            0.48450201749801636,
            0.22371461987495422,
            2.0
        ],
        "mean": [
            0.0034844629747930204,
            -0.008161831646050654,
            0.04177450161267278,
            -0.004543781092146161,
            -0.017781873680565483,
            0.024831737024607628,
            1.1239263821598942
        ],
        "std": [
            0.09176279508081409,
            0.070810027443856,
            0.3152568944729365,
            0.016788312142811897,
            0.09258920032624805,
            0.043659329005269705,
            0.9922914356253246
        ],
        "count": [
            1630
        ],
        "q01": [
            -0.23083426383741062,
            -0.2047370183790114,
            -0.5409265396236642,
            -0.021155914736806287,
            -0.09585642413996115,
            -0.019801370081810123,
            -1.000000013351432e-10
        ],
        "q10": [
            -0.06521617144117693,
            -0.06777090506319622,
            -0.23627087747849573,
            -0.01128585861564754,
            -0.08240341393854304,
            -0.008320833843056168,
            -1.000000013351432e-10
        ],
        "q50": [
            -0.0005338857428991178,
            -0.0012144059137898428,
            -0.005869756091116447,
            -0.005133257707296496,
            -0.037451369196799755,
            0.01988344596302065,
            1.258693890038372
        ],
        "q90": [
            0.07530580920035854,
            0.03350880314464583,
            0.4267087731185867,
            0.00616558292634974,
            0.06752393234287625,
            0.05815413164194075,
            1.9999261944978
        ],
        "q99": [
            0.2690068775152136,
            0.16487988329234254,
            0.992069043086929,
            0.012796426193088463,
            0.15370449759305135,
            0.08266518257444715,
            1.999992619449781
        ]
    },
    "episode_index": {
        "min": [
            0
        ],
        "max": [
            29
        ],
        "mean": [
            11.844171779141105
        ],
        "std": [
            9.165500117953721
        ],
        "count": [
            1630
        ],
        "q01": [
            11.844171779141105
        ],
        "q10": [
            11.844171779141108
        ],
        "q50": [
            11.844171779141124
        ],
        "q90": [
            11.84417177914114
        ],
        "q99": [
            11.844171779141147
        ]
    },
    "frame_index": {
        "min": [
            0
        ],
        "max": [
            279
        ],
        "mean": [
            46.97975460122699
        ],
        "std": [
            58.2726526263526
        ],